131001,131001,Frances Fernandez
131002,131002,Venus Bass
131003,131003,Christian Fry
131004,131004,Gray Hahn
131005,131005,Justin Peters
131006,131006,Brent Tran
131007,131007,Erica Mcdaniel
131008,131008,Kylie Vance
131009,131009,Marcia Woods
131010,131010,Farrah Roberson
131011,131011,Farrah Jefferson
131012,131012,Daria Mccoy
131013,131013,Iona Simmons
131014,131014,Mark Nichols
131015,131015,Erin Madden
131016,131016,Kibo Bowers
131017,131017,Aubrey Vaughan
131018,131018,Olympia Pollard
131019,131019,Callie Parks
131020,131020,Burke Patrick
131021,131021,Anthony Rosa
131022,131022,Cyrus Romero
131023,131023,Alea Vaughan
131024,131024,Kennedy Richard
131025,131025,Alexandra Anderson
131026,131026,Lucius Lane
131027,131027,Juliet Hahn
131028,131028,Theodore Schroeder
131029,131029,Melodie Stone
131030,131030,Ulla Moreno
131031,131031,Ivana Rodriguez
131032,131032,Laith Campos
131033,131033,Ann Gomez
131034,131034,Garth Carroll
131035,131035,Zachery Sargent
131036,131036,Bradley Barber
131037,131037,Zeph Mayer
131038,131038,Kennan Freeman
131039,131039,Jack Chapman
131040,131040,Jerome Levine
131041,131041,Elton Manning
131042,131042,Sloane Lawson
131043,131043,Malachi Dudley
131044,131044,Delilah Carroll
131045,131045,Vincent Talley
131046,131046,Gemma Greer
131047,131047,Shelly Harrell
131048,131048,Bryar Carey
131049,131049,Uma Moran
131050,131050,Cally Camacho
131051,131051,Deanna Hobbs
131052,131052,Leroy Henderson
131053,131053,Kristen Bowman
131054,131054,Duncan Mccarty
131055,131055,Maile Murray
131056,131056,Salvador Calhoun
131057,131057,Carissa Mcconnell
131058,131058,MacKenzie Carver
131059,131059,Abdul Talley
131060,131060,Hannah Thornton
131061,131061,Wayne Hanson
131062,131062,Hyatt Gamble
131063,131063,Kirsten Salazar
131064,131064,Glenna Whitney
131065,131065,Germane Contreras
131066,131066,Lane Fry
131067,131067,Solomon Randall
131068,131068,Michelle Harrington
131069,131069,April Odonnell
131070,131070,Nolan Powers
131071,131071,Devin Mckee
131072,131072,Angela Alston
131073,131073,Ulla Bender
131074,131074,Cora Love
131075,131075,Clark Cherry
131076,131076,Yasir George
131077,131077,Chantale Maddox
131078,131078,Medge Baxter
131079,131079,Noble Morgan
131080,131080,Idona Ray
131081,131081,Carly Salas
131082,131082,Brendan Warner
131083,131083,Amaya Norman
131084,131084,Leslie Guthrie
131085,131085,Acton Richardson
131086,131086,Fallon Macdonald
131087,131087,Cynthia Salazar
131088,131088,Knox Wilkerson
131089,131089,Reuben Steele
131090,131090,Steel Delacruz
131091,131091,Ivory Avery
131092,131092,Neil Dennis
131093,131093,Olympia Phillips
131094,131094,Nathan Washington
131095,131095,Cailin Rocha
131096,131096,Grant Sampson
131097,131097,Gwendolyn Barber
131098,131098,Shad Velazquez
131099,131099,September Little
131100,131100,Xanthus Doyle
