131001.P,131001,Ina P. Tyler
131002.P,131002,Ariana M. Cote
131003.P,131003,Brooke I. Whitaker
131004.P,131004,Hedy I. Burris
131005.P,131005,Isaiah A. Leblanc
131006.P,131006,Armand G. Santos
131007.P,131007,Benedict N. Ball
131008.P,131008,Kenyon V. Holder
131009.P,131009,Iona K. Beasley
131010.P,131010,Jesse E. Walter
131011.P,131011,Charissa A. Randolph
131012.P,131012,Amena T. Lane
131013.P,131013,Sade U. Mccullough
131014.P,131014,Eve B. Gilmore
131015.P,131015,Kimberly N. Santos
131016.P,131016,Isabelle B. Stuart
131017.P,131017,Claudia T. Boyd
131018.P,131018,Leigh T. Benton
131019.P,131019,Gray H. Strong
131020.P,131020,Camilla P. Richards
131021.P,131021,Melanie M. Peterson
131022.P,131022,Alvin V. Guthrie
131023.P,131023,Howard N. Gamble
131024.P,131024,Maxwell M. Bartlett
131025.P,131025,Rae I. Sparks
131026.P,131026,Charissa K. Floyd
131027.P,131027,Hedda G. Murphy
131028.P,131028,Holmes C. Rodriquez
131029.P,131029,Zelenia Y. Shepard
131030.P,131030,Yael K. Witt
131031.P,131031,Beck D. Brennan
131032.P,131032,Brielle O. Hodge
131033.P,131033,Elaine L. Hendricks
131034.P,131034,Leila I. Gray
131035.P,131035,Oleg X. Davidson
131036.P,131036,Christen V. Mejia
131037.P,131037,Kenyon A. Cervantes
131038.P,131038,Wallace W. Hardy
131039.P,131039,Acton W. Mcfadden
131040.P,131040,Beatrice L. Booth
131041.P,131041,Fiona J. Simmons
131042.P,131042,Velma T. Leonard
131043.P,131043,Emi T. Shepard
131044.P,131044,Mufutau N. Frank
131045.P,131045,Eve F. Dorsey
131046.P,131046,Joy L. Maldonado
131047.P,131047,Yvette Z. Soto
131048.P,131048,Finn F. Lewis
131049.P,131049,Noel W. Cherry
131050.P,131050,Brielle V. Adams
131051.P,131051,Adara Y. Bond
131052.P,131052,Lilah H. Sanford
131053.P,131053,Aidan P. Ryan
131054.P,131054,Donovan Z. Head
131055.P,131055,Shelley G. Sosa
131056.P,131056,Elton O. Washington
131057.P,131057,Jayme E. Patrick
131058.P,131058,Jorden O. Terrell
131059.P,131059,Acton R. Nunez
131060.P,131060,Shoshana E. Mercer
131061.P,131061,Martin Y. Alvarez
131062.P,131062,Jane U. Byrd
131063.P,131063,Xaviera R. Hughes
131064.P,131064,Tashya O. Keller
131065.P,131065,Linda B. Wallace
131066.P,131066,Nell B. Austin
131067.P,131067,Mufutau W. Cobb
131068.P,131068,Candice W. Le
131069.P,131069,Jillian J. Mccullough
131070.P,131070,Dakota G. Vazquez
131071.P,131071,Hermione Z. Bates
131072.P,131072,Burton P. Hyde
131073.P,131073,Bert Y. Preston
131074.P,131074,Adrian K. Mendoza
131075.P,131075,Driscoll P. Malone
131076.P,131076,Janna P. Bryant
131077.P,131077,Stuart Y. Sawyer
131078.P,131078,Remedios U. Walton
131079.P,131079,MacKenzie X. Sawyer
131080.P,131080,Bert H. William
131081.P,131081,Beatrice O. Bray
131082.P,131082,Maisie B. Walls
131083.P,131083,Garrett N. Bauer
131084.P,131084,Gisela F. Frost
131085.P,131085,Stewart O. Farmer
131086.P,131086,Hoyt O. Sullivan
131087.P,131087,Miriam C. Hubbard
131088.P,131088,Stephen G. Hancock
131089.P,131089,Odette M. Newton
131090.P,131090,Erich N. Joyce
131091.P,131091,Maite Y. Newman
131092.P,131092,Demetria K. Riddle
131093.P,131093,Ian M. Irwin
131094.P,131094,Madeline R. Haney
131095.P,131095,Wanda Y. Ramirez
131096.P,131096,Alec K. Mueller
131097.P,131097,Rafael W. Gilliam
131098.P,131098,Colorado N. Thompson
131099.P,131099,Lenore Y. Owens
131100.P,131100,Aladdin A. Sims
